{
  "final_val_accuracy": 0.632478654384613,
  "final_val_loss": 11.212857246398926,
  "final_train_loss": 0.3486327528953552
}