{
  "model_source": "ds005284",
  "test_dataset": "osf-data",
  "overall_accuracy": 0.8617788461538461,
  "baseline_accuracy": 0.8629807692307693,
  "pain_accuracy": 0.8605769230769231,
  "test_samples": 832,
  "test_subjects": 22,
  "n_features": 500,
  "pca_components": 500,
  "pca_explained_variance": 0.9870645440159771,
  "per_subject_accuracy": {
    "Study One_P_01": 0.6428571428571429,
    "Study One_P_02": 0.7575757575757576,
    "Study One_P_03": 0.8571428571428571,
    "Study One_P_04": 0.9245283018867925,
    "Study One_P_05": 0.9354838709677419,
    "Study One_P_06": 0.8970588235294118,
    "Study One_P_07": 0.8115942028985508,
    "Study One_P_08": 0.8292682926829268,
    "Study One_P_09": 0.9090909090909091,
    "Study One_P_10": 0.7272727272727273,
    "Study One_P_11": 0.926829268292683,
    "Study One_P_12": 0.7916666666666666,
    "Study One_P_13": 0.7878787878787878,
    "Study One_P_17": 0.875,
    "Study One_P_18": 0.9591836734693877,
    "Study One_P_20": 0.9047619047619048,
    "Study One_P_21": 0.8148148148148148,
    "Study One_P_22": 0.75,
    "Study One_P_23": 0.9629629629629629,
    "Study One_P_24": 0.8571428571428571,
    "Study One_P_25": 0.9069767441860465,
    "Study Two_P_01": 0.9591836734693877
  }
}