{
  "model_source": "ds005284",
  "test_dataset": "osf-data",
  "overall_accuracy": 0.5240384615384616,
  "baseline_accuracy": 0.4375,
  "pain_accuracy": 0.6105769230769231,
  "test_samples": 832,
  "test_subjects": 22,
  "n_features": 300,
  "pca_components": 300,
  "pca_explained_variance": 0.9997959146156563,
  "per_subject_accuracy": {
    "Study One_P_01": 0.5714285714285714,
    "Study One_P_02": 0.6363636363636364,
    "Study One_P_03": 0.5428571428571428,
    "Study One_P_04": 0.49056603773584906,
    "Study One_P_05": 0.5806451612903226,
    "Study One_P_06": 0.45588235294117646,
    "Study One_P_07": 0.4782608695652174,
    "Study One_P_08": 0.6585365853658537,
    "Study One_P_09": 0.6060606060606061,
    "Study One_P_10": 0.48484848484848486,
    "Study One_P_11": 0.5853658536585366,
    "Study One_P_12": 0.5,
    "Study One_P_13": 0.5454545454545454,
    "Study One_P_17": 0.4375,
    "Study One_P_18": 0.673469387755102,
    "Study One_P_20": 0.6190476190476191,
    "Study One_P_21": 0.4074074074074074,
    "Study One_P_22": 0.4090909090909091,
    "Study One_P_23": 0.3333333333333333,
    "Study One_P_24": 0.5238095238095238,
    "Study One_P_25": 0.5581395348837209,
    "Study Two_P_01": 0.5306122448979592
  }
}