{
  "n_subjects_total": 22,
  "n_subjects_shown": 5,
  "selected_subjects": [
    "Study One_P_17",
    "Study One_P_01",
    "Study One_P_02",
    "Study One_P_22",
    "Study One_P_21"
  ],
  "per_subject_accuracy": {
    "Study One_P_01": 0.5,
    "Study One_P_02": 0.5454545454545454,
    "Study One_P_03": 0.9714285714285714,
    "Study One_P_04": 1.0,
    "Study One_P_05": 1.0,
    "Study One_P_06": 0.9852941176470589,
    "Study One_P_07": 0.9710144927536232,
    "Study One_P_08": 1.0,
    "Study One_P_09": 0.6363636363636364,
    "Study One_P_10": 1.0,
    "Study One_P_11": 1.0,
    "Study One_P_12": 1.0,
    "Study One_P_13": 1.0,
    "Study One_P_17": 0.375,
    "Study One_P_18": 1.0,
    "Study One_P_20": 0.5714285714285714,
    "Study One_P_21": 0.9629629629629629,
    "Study One_P_22": 0.9545454545454546,
    "Study One_P_23": 1.0,
    "Study One_P_24": 1.0,
    "Study One_P_25": 0.9767441860465116,
    "Study Two_P_01": 1.0
  },
  "overall_mean_accuracy": 0.8841016608468609,
  "overall_std_accuracy": 0.19925766028649422,
  "validation_mean_accuracy": 0.5256493506493506,
  "validation_std_accuracy": 0.08729118156773132,
  "domain_prediction_accuracy": {
    "Study One_P_01": 0.0,
    "Study One_P_02": 0.0,
    "Study One_P_03": 0.02857142857142857,
    "Study One_P_04": 0.16981132075471697,
    "Study One_P_05": 0.16129032258064516,
    "Study One_P_06": 0.4264705882352941,
    "Study One_P_07": 0.30434782608695654,
    "Study One_P_08": 0.12195121951219512,
    "Study One_P_09": 0.0,
    "Study One_P_10": 0.21212121212121213,
    "Study One_P_11": 0.1951219512195122,
    "Study One_P_12": 0.0,
    "Study One_P_13": 0.030303030303030304,
    "Study One_P_17": 0.0,
    "Study One_P_18": 0.10204081632653061,
    "Study One_P_20": 0.0,
    "Study One_P_21": 0.4444444444444444,
    "Study One_P_22": 0.36363636363636365,
    "Study One_P_23": 0.0,
    "Study One_P_24": 0.09523809523809523,
    "Study One_P_25": 0.11627906976744186,
    "Study Two_P_01": 0.10204081632653061
  },
  "mean_domain_accuracy": 0.13062129568747263
}