{
  "final_val_accuracy": 0.65625,
  "final_val_loss": 2.642702102661133,
  "final_train_loss": 0.2920971512794494
}