{
  "n_subjects_total": 26,
  "n_subjects_shown": 5,
  "selected_subjects": [
    "sub-009",
    "sub-012",
    "sub-025",
    "sub-014",
    "sub-002"
  ],
  "per_subject_accuracy": {
    "sub-001": 0.78125,
    "sub-002": 1.0,
    "sub-003": 1.0,
    "sub-004": 1.0,
    "sub-005": 1.0,
    "sub-006": 1.0,
    "sub-007": 1.0,
    "sub-008": 1.0,
    "sub-009": 0.5,
    "sub-010": 0.78125,
    "sub-011": 1.0,
    "sub-012": 0.5,
    "sub-013": 1.0,
    "sub-014": 0.9375,
    "sub-015": 1.0,
    "sub-016": 1.0,
    "sub-017": 0.5625,
    "sub-018": 1.0,
    "sub-019": 1.0,
    "sub-020": 1.0,
    "sub-021": 1.0,
    "sub-022": 1.0,
    "sub-023": 1.0,
    "sub-024": 1.0,
    "sub-025": 0.5,
    "sub-026": 1.0
  },
  "overall_mean_accuracy": 0.90625,
  "overall_std_accuracy": 0.1767766952966369,
  "validation_mean_accuracy": 0.6041666666666666,
  "validation_std_accuracy": 0.12715162099722607,
  "domain_prediction_accuracy": {
    "sub-001": 0.0,
    "sub-002": 0.0,
    "sub-003": 0.0,
    "sub-004": 0.40625,
    "sub-005": 0.03125,
    "sub-006": 0.0,
    "sub-007": 0.0,
    "sub-008": 0.03125,
    "sub-009": 0.0,
    "sub-010": 0.0,
    "sub-011": 0.03125,
    "sub-012": 0.0,
    "sub-013": 0.5625,
    "sub-014": 0.0,
    "sub-015": 0.03125,
    "sub-016": 0.0,
    "sub-017": 0.0,
    "sub-018": 0.03125,
    "sub-019": 0.0,
    "sub-020": 0.0,
    "sub-021": 0.0,
    "sub-022": 0.0,
    "sub-023": 0.03125,
    "sub-024": 0.0,
    "sub-025": 0.0,
    "sub-026": 0.0
  },
  "mean_domain_accuracy": 0.04447115384615385
}