{
  "balanced_accuracy": 0.9761904761904762,
  "auroc": 0.97877223178428,
  "n_train": 665,
  "n_test": 167,
  "confusion_matrix": [
    [
      80,
      4
    ],
    [
      0,
      83
    ]
  ]
}