{
  "Baseline": {
    "precision": 1.0,
    "recall": 0.9523809523809523,
    "f1-score": 0.975609756097561,
    "support": 84.0
  },
  "Pain": {
    "precision": 0.9540229885057471,
    "recall": 1.0,
    "f1-score": 0.9764705882352941,
    "support": 83.0
  },
  "accuracy": 0.9760479041916168,
  "macro avg": {
    "precision": 0.9770114942528736,
    "recall": 0.9761904761904762,
    "f1-score": 0.9760401721664276,
    "support": 167.0
  },
  "weighted avg": {
    "precision": 0.9771491499759102,
    "recall": 0.9760479041916168,
    "f1-score": 0.9760375948246978,
    "support": 167.0
  }
}