{
  "final_val_accuracy": 0.7395833134651184,
  "final_val_loss": 0.7060999870300293,
  "final_train_loss": 3.0979957580566406
}