{
  "accuracy_mean_cv": 0.7214285714285715,
  "f1_mean_cv": 0.6047619047619048
}